{
    "name": "root",
    "gauges": {
        "BumperBall.Policy.Entropy.mean": {
            "value": 1.4029701948165894,
            "min": 1.4029701948165894,
            "max": 1.4189382791519165,
            "count": 23
        },
        "BumperBall.Policy.Entropy.sum": {
            "value": 57227.15625,
            "min": 55188.734375,
            "max": 67500.09375,
            "count": 23
        },
        "BumperBall.Environment.EpisodeLength.mean": {
            "value": 30.21455938697318,
            "min": 30.152,
            "max": 48.93564356435643,
            "count": 23
        },
        "BumperBall.Environment.EpisodeLength.sum": {
            "value": 39430.0,
            "min": 37690.0,
            "max": 46346.0,
            "count": 23
        },
        "BumperBall.Self-play.ELO.mean": {
            "value": 4938.453948005175,
            "min": 1137.17765356678,
            "max": 4938.453948005175,
            "count": 23
        },
        "BumperBall.Self-play.ELO.sum": {
            "value": 1614874.4409976923,
            "min": 235036.27098684383,
            "max": 1614874.4409976923,
            "count": 23
        },
        "BumperBall.Step.mean": {
            "value": 229997.0,
            "min": 9978.0,
            "max": 229997.0,
            "count": 23
        },
        "BumperBall.Step.sum": {
            "value": 229997.0,
            "min": 9978.0,
            "max": 229997.0,
            "count": 23
        },
        "BumperBall.Policy.ExtrinsicValueEstimate.mean": {
            "value": 26.78941535949707,
            "min": 0.23876895010471344,
            "max": 26.78941535949707,
            "count": 23
        },
        "BumperBall.Policy.ExtrinsicValueEstimate.sum": {
            "value": 8974.4541015625,
            "min": 60.169776916503906,
            "max": 8974.4541015625,
            "count": 23
        },
        "BumperBall.Environment.CumulativeReward.mean": {
            "value": 33.03761714382563,
            "min": 0.3137178165014592,
            "max": 37.44017863392282,
            "count": 23
        },
        "BumperBall.Environment.CumulativeReward.sum": {
            "value": 10770.263188887155,
            "min": 67.76304836431518,
            "max": 11643.895555149997,
            "count": 23
        },
        "BumperBall.Policy.ExtrinsicReward.mean": {
            "value": 33.03761714382563,
            "min": 0.3137178165014592,
            "max": 37.44017863392282,
            "count": 23
        },
        "BumperBall.Policy.ExtrinsicReward.sum": {
            "value": 10770.263188887155,
            "min": 67.76304836431518,
            "max": 11643.895555149997,
            "count": 23
        },
        "BumperBall.IsTraining.mean": {
            "value": 1.0,
            "min": 1.0,
            "max": 1.0,
            "count": 23
        },
        "BumperBall.IsTraining.sum": {
            "value": 1.0,
            "min": 1.0,
            "max": 1.0,
            "count": 23
        },
        "BumperBall.Losses.PolicyLoss.mean": {
            "value": 0.018512734638837475,
            "min": 0.015230044210329651,
            "max": 0.02675052871927619,
            "count": 22
        },
        "BumperBall.Losses.PolicyLoss.sum": {
            "value": 0.018512734638837475,
            "min": 0.015230044210329651,
            "max": 0.02675052871927619,
            "count": 22
        },
        "BumperBall.Losses.ValueLoss.mean": {
            "value": 6687.897867838542,
            "min": 0.6503868222236633,
            "max": 6687.897867838542,
            "count": 22
        },
        "BumperBall.Losses.ValueLoss.sum": {
            "value": 6687.897867838542,
            "min": 0.6503868222236633,
            "max": 6687.897867838542,
            "count": 22
        },
        "BumperBall.Policy.LearningRate.mean": {
            "value": 0.0002322738225754,
            "min": 0.0002322738225754,
            "max": 0.0002969277010241,
            "count": 22
        },
        "BumperBall.Policy.LearningRate.sum": {
            "value": 0.0002322738225754,
            "min": 0.0002322738225754,
            "max": 0.0002969277010241,
            "count": 22
        },
        "BumperBall.Policy.Epsilon.mean": {
            "value": 0.17742460000000004,
            "min": 0.17742460000000004,
            "max": 0.19897589999999996,
            "count": 22
        },
        "BumperBall.Policy.Epsilon.sum": {
            "value": 0.17742460000000004,
            "min": 0.17742460000000004,
            "max": 0.19897589999999996,
            "count": 22
        },
        "BumperBall.Policy.Beta.mean": {
            "value": 0.0038734875399999997,
            "min": 0.0038734875399999997,
            "max": 0.0049488974100000025,
            "count": 22
        },
        "BumperBall.Policy.Beta.sum": {
            "value": 0.0038734875399999997,
            "min": 0.0038734875399999997,
            "max": 0.0049488974100000025,
            "count": 22
        }
    },
    "metadata": {
        "timer_format_version": "0.1.0",
        "start_time_seconds": "1669952059",
        "python_version": "3.8.10 (tags/v3.8.10:3d8993a, May  3 2021, 11:48:03) [MSC v.1928 64 bit (AMD64)]",
        "command_line_arguments": "C:\\Users\\willi\\Documents\\UnityProjects\\BumperBalls\\venv\\Scripts\\mlagents-learn config/BumperBall_config.yaml --run-id Multi3 --torch-device cpu",
        "mlagents_version": "0.29.0",
        "mlagents_envs_version": "0.29.0",
        "communication_protocol_version": "1.5.0",
        "pytorch_version": "1.7.1+cu110",
        "numpy_version": "1.21.2",
        "end_time_seconds": "1669952498"
    },
    "total": 439.3959542,
    "count": 1,
    "self": 0.005135800000061863,
    "children": {
        "run_training.setup": {
            "total": 0.1265967,
            "count": 1,
            "self": 0.1265967
        },
        "TrainerController.start_learning": {
            "total": 439.26422169999995,
            "count": 1,
            "self": 0.8574777000031304,
            "children": {
                "TrainerController._reset_env": {
                    "total": 5.61878570000005,
                    "count": 3,
                    "self": 5.61878570000005
                },
                "TrainerController.advance": {
                    "total": 432.7280227999968,
                    "count": 55562,
                    "self": 0.9351555999935499,
                    "children": {
                        "env_step": {
                            "total": 384.6822829000071,
                            "count": 55562,
                            "self": 277.0644471000084,
                            "children": {
                                "SubprocessEnvManager._take_step": {
                                    "total": 107.04895099999878,
                                    "count": 55562,
                                    "self": 7.905946799998688,
                                    "children": {
                                        "TorchPolicy.evaluate": {
                                            "total": 99.14300420000009,
                                            "count": 209423,
                                            "self": 19.151216400001772,
                                            "children": {
                                                "TorchPolicy.sample_actions": {
                                                    "total": 79.99178779999832,
                                                    "count": 209423,
                                                    "self": 79.99178779999832
                                                }
                                            }
                                        }
                                    }
                                },