{"count":1,"self":141.95999999999998,"total":1019.5891319,"children":{"InitializeActuators":{"count":48120,"self":0.22628109999999999,"total":0.22628109999999999,"children":null},"InitializeSensors":{"count":48120,"self":0.75602989999999992,"total":0.75602989999999992,"children":null},"AgentSendState":{"count":241411,"self":5.7316676,"total":34.462448,"children":{"CollectObservations":{"count":1680636,"self":6.0407623999999993,"total":6.0407623999999993,"children":null},"WriteActionMask":{"count":1680636,"self":1.1854147,"total":1.1854147,"children":null},"RequestDecision":{"count":1680636,"self":3.9724936,"total":21.5046032,"children":{"AgentInfo.ToProto":{"count":1680636,"self":4.4029039999999995,"total":17.5321097,"children":{"GenerateSensorData":{"count":1680636,"self":13.129205599999999,"total":13.129205599999999,"children":null}}}}}}},"DecideAction":{"count":241411,"self":835.049984,"total":835.05,"children":null},"AgentAct":{"count":241411,"self":6.297674,"total":6.2976741,"children":null},"AgentInfo.ToProto":{"count":48092,"self":0.1974264,"total":0.83569589999999994,"children":{"GenerateSensorData":{"count":48092,"self":0.63826949999999993,"total":0.63826949999999993,"children":null}}}},"gauges":{},"metadata":{"timer_format_version":"0.1.0","start_time_seconds":"1670020825","unity_version":"2020.3.29f1","command_line_arguments":"C:\\Program Files\\Unity\\Hub\\Editor\\2020.3.29f1\\Editor\\Unity.exe -projectpath C:\/Users\/willi\/Documents\/UnityProjects\/BumperBalls -useHub -hubIPC -cloudEnvironment production","communication_protocol_version":"1.5.0","com.unity.ml-agents_version":"2.3.0-exp.3","scene_name":"AgentTrainScene","end_time_seconds":"1670021844"}}