{"count":1,"self":131.656896,"total":842.60358079999992,"children":{"InitializeActuators":{"count":17992,"self":0.0926458,"total":0.0926458,"children":null},"InitializeSensors":{"count":17992,"self":0.2734676,"total":0.2734676,"children":null},"AgentSendState":{"count":299001,"self":5.6711155999999994,"total":30.5750729,"children":{"CollectObservations":{"count":1784712,"self":3.4207796,"total":3.4207794999999996,"children":null},"WriteActionMask":{"count":1784712,"self":1.1890927999999998,"total":1.1890927999999998,"children":null},"RequestDecision":{"count":1784712,"self":3.8147816,"total":20.2940851,"children":{"AgentInfo.ToProto":{"count":1784712,"self":4.0809008,"total":16.4793037,"children":{"GenerateSensorData":{"count":1784712,"self":12.3984024,"total":12.3984027,"children":null}}}}}}},"DecideAction":{"count":299001,"self":673.145856,"total":673.1458432,"children":null},"AgentAct":{"count":299001,"self":6.5045079999999995,"total":6.5045079999999995,"children":null},"AgentInfo.ToProto":{"count":17969,"self":0.0849328,"total":0.3541458,"children":{"GenerateSensorData":{"count":17969,"self":0.269213,"total":0.269213,"children":null}}}},"gauges":{"BumperBall.CumulativeReward":{"count":4693,"max":3.981966,"min":0.147998065,"runningAverage":1.04332566,"value":3.01696372,"weightedAverage":2.78898048}},"metadata":{"timer_format_version":"0.1.0","start_time_seconds":"1669739798","unity_version":"2020.3.29f1","command_line_arguments":"C:\\Program Files\\Unity\\Hub\\Editor\\2020.3.29f1\\Editor\\Unity.exe -projectpath C:\/Users\/willi\/Documents\/UnityProjects\/BumperBalls -useHub -hubIPC -cloudEnvironment production","communication_protocol_version":"1.5.0","com.unity.ml-agents_version":"2.3.0-exp.3","scene_name":"AgentScene","end_time_seconds":"1669740640"}}