{"count":1,"self":1513.1287552,"total":5020.5493196,"children":{"InitializeActuators":{"count":13063,"self":0.1100284,"total":0.1100284,"children":null},"InitializeSensors":{"count":13063,"self":0.28102119999999997,"total":0.28102119999999997,"children":null},"AgentSendState":{"count":2442101,"self":23.5882704,"total":125.1357259,"children":{"CollectObservations":{"count":5334571,"self":20.7139024,"total":20.713901699999997,"children":null},"WriteActionMask":{"count":5334571,"self":3.9041327999999997,"total":3.9041327999999997,"children":null},"RequestDecision":{"count":5334571,"self":13.435675199999999,"total":76.9294216,"children":{"AgentInfo.ToProto":{"count":5334571,"self":14.8260656,"total":63.4937462,"children":{"GenerateSensorData":{"count":5334571,"self":48.66768,"total":48.6676802,"children":null}}}}}}},"DecideAction":{"count":2442101,"self":3354.3262207999996,"total":3354.3262449,"children":null},"AgentAct":{"count":2442101,"self":27.2514944,"total":27.251494299999997,"children":null},"AgentInfo.ToProto":{"count":13056,"self":0.078011799999999992,"total":0.3140513,"children":{"GenerateSensorData":{"count":13056,"self":0.23603949999999999,"total":0.23603949999999999,"children":null}}}},"gauges":{"BumperBall.CumulativeReward":{"count":9013,"max":1576.71484,"min":-1633.45654,"runningAverage":-252.394592,"value":-1633.45654,"weightedAverage":-685.0379}},"metadata":{"timer_format_version":"0.1.0","start_time_seconds":"1670455023","unity_version":"2020.3.29f1","command_line_arguments":"C:\\Program Files\\Unity\\Hub\\Editor\\2020.3.29f1\\Editor\\Unity.exe -projectpath C:\/Users\/willi\/Documents\/UnityProjects\/BumperBalls -useHub -hubIPC -cloudEnvironment production","communication_protocol_version":"1.5.0","com.unity.ml-agents_version":"2.3.0-exp.3","scene_name":"AgentTrainAgainstSimple","end_time_seconds":"1670460043"}}