{"count":1,"self":146.87248639999999,"total":896.41616779999993,"children":{"InitializeActuators":{"count":36392,"self":0.1813768,"total":0.1813768,"children":null},"InitializeSensors":{"count":36392,"self":0.5213877,"total":0.5213877,"children":null},"AgentSendState":{"count":323484,"self":5.5661328,"total":29.8004799,"children":{"CollectObservations":{"count":1707690,"self":3.4669535999999996,"total":3.4669534,"children":null},"WriteActionMask":{"count":1707690,"self":1.0899683,"total":1.0899683,"children":null},"RequestDecision":{"count":1707690,"self":3.7118132,"total":19.6774252,"children":{"AgentInfo.ToProto":{"count":1707690,"self":3.949598,"total":15.9656121,"children":{"GenerateSensorData":{"count":1707690,"self":12.0160144,"total":12.016014199999999,"children":null}}}}}}},"DecideAction":{"count":323484,"self":712.44108799999992,"total":712.4410791,"children":null},"AgentAct":{"count":323484,"self":6.0656203999999994,"total":6.0656203999999994,"children":null},"AgentInfo.ToProto":{"count":36362,"self":0.1401079,"total":0.53373189999999993,"children":{"GenerateSensorData":{"count":36362,"self":0.393624,"total":0.393624,"children":null}}}},"gauges":{"BumperBall.CumulativeReward":{"count":8782,"max":21.4139061,"min":-0.950000644,"runningAverage":0.576334238,"value":13.5319347,"weightedAverage":13.1698275}},"metadata":{"timer_format_version":"0.1.0","start_time_seconds":"1669749278","unity_version":"2020.3.29f1","command_line_arguments":"C:\\Program Files\\Unity\\Hub\\Editor\\2020.3.29f1\\Editor\\Unity.exe -projectpath C:\/Users\/willi\/Documents\/UnityProjects\/BumperBalls -useHub -hubIPC -cloudEnvironment production","communication_protocol_version":"1.5.0","com.unity.ml-agents_version":"2.3.0-exp.3","scene_name":"AgentScene","end_time_seconds":"1669750175"}}