{"count":1,"self":111.85015039999999,"total":112.6551394,"children":{"InitializeActuators":{"count":6,"self":0.0010012999999999999,"total":0.0010012999999999999,"children":null},"InitializeSensors":{"count":6,"self":0.00097229999999999994,"total":0.00097229999999999994,"children":null},"AgentSendState":{"count":4888,"self":0.0219644,"total":0.0499369,"children":{"CollectObservations":{"count":2582,"self":0.0060014,"total":0.0060014,"children":null},"WriteActionMask":{"count":2582,"self":0.0020004,"total":0.0020004,"children":null},"RequestDecision":{"count":2582,"self":0.019970699999999997,"total":0.019970699999999997,"children":null}}},"DecideAction":{"count":4888,"self":0.7270533,"total":0.7270533,"children":null},"AgentAct":{"count":4888,"self":0.026025399999999997,"total":0.026025399999999997,"children":null}},"gauges":{"BumperBall.CumulativeReward":{"count":3,"max":8.000735,"min":6.536554,"runningAverage":7.083193,"value":8.000735,"weightedAverage":6.93554974}},"metadata":{"timer_format_version":"0.1.0","start_time_seconds":"1669752408","unity_version":"2020.3.29f1","command_line_arguments":"C:\\Program Files\\Unity\\Hub\\Editor\\2020.3.29f1\\Editor\\Unity.exe -projectpath C:\/Users\/willi\/Documents\/UnityProjects\/BumperBalls -useHub -hubIPC -cloudEnvironment production","communication_protocol_version":"1.5.0","com.unity.ml-agents_version":"2.3.0-exp.3","scene_name":"PlayerVsAgent","end_time_seconds":"1669752520"}}