{"count":1,"self":173.11801599999998,"total":175.7465197,"children":{"InitializeActuators":{"count":9,"self":0.00099899999999999989,"total":0.00099899999999999989,"children":null},"InitializeSensors":{"count":9,"self":0.0013660999999999999,"total":0.0013660999999999999,"children":null},"AgentSendState":{"count":8564,"self":0.0540063,"total":0.1110105,"children":{"CollectObservations":{"count":5098,"self":0.0270025,"total":0.0270025,"children":null},"WriteActionMask":{"count":5098,"self":0.012999199999999999,"total":0.012999199999999999,"children":null},"RequestDecision":{"count":5098,"self":0.0170025,"total":0.0170025,"children":null}}},"DecideAction":{"count":8564,"self":2.472124,"total":2.4721238999999997,"children":null},"AgentAct":{"count":8564,"self":0.042002199999999996,"total":0.042002199999999996,"children":null}},"gauges":{"BumperBall.CumulativeReward":{"count":1,"max":2.9689672,"min":2.9689672,"runningAverage":2.9689672,"value":2.9689672,"weightedAverage":2.9689672}},"metadata":{"timer_format_version":"0.1.0","start_time_seconds":"1670036081","unity_version":"2020.3.29f1","command_line_arguments":"C:\\Program Files\\Unity\\Hub\\Editor\\2020.3.29f1\\Editor\\Unity.exe -projectpath C:\/Users\/willi\/Documents\/UnityProjects\/BumperBalls -useHub -hubIPC -cloudEnvironment production","communication_protocol_version":"1.5.0","com.unity.ml-agents_version":"2.3.0-exp.3","scene_name":"PlayerVsAgent","end_time_seconds":"1670036257"}}