{
    "name": "root",
    "gauges": {
        "BumperBall.Policy.Entropy.mean": {
            "value": 0.973983883857727,
            "min": 0.9686062335968018,
            "max": 1.001624345779419,
            "count": 213
        },
        "BumperBall.Policy.Entropy.sum": {
            "value": 24346.67578125,
            "min": 21273.96484375,
            "max": 25188.84765625,
            "count": 213
        },
        "BumperBall.Step.mean": {
            "value": 13824948.0,
            "min": 8524957.0,
            "max": 13824948.0,
            "count": 213
        },
        "BumperBall.Step.sum": {
            "value": 13824948.0,
            "min": 8524957.0,
            "max": 13824948.0,
            "count": 213
        },
        "BumperBall.Policy.ExtrinsicValueEstimate.mean": {
            "value": 0.2488030344247818,
            "min": 0.2408912181854248,
            "max": 0.26039308309555054,
            "count": 213
        },
        "BumperBall.Policy.ExtrinsicValueEstimate.sum": {
            "value": 99.77001953125,
            "min": 85.8956298828125,
            "max": 105.33366394042969,
            "count": 213
        },
        "BumperBall.Environment.EpisodeLength.mean": {
            "value": 440.70175438596493,
            "min": 359.9710144927536,
            "max": 464.55555555555554,
            "count": 213
        },
        "BumperBall.Environment.EpisodeLength.sum": {
            "value": 25120.0,
            "min": 20574.0,
            "max": 26363.0,
            "count": 213
        },
        "BumperBall.Environment.CumulativeReward.mean": {
            "value": 1.453456261007344,
            "min": 1.1614348795602396,
            "max": 1.5382964274095785,
            "count": 213
        },
        "BumperBall.Environment.CumulativeReward.sum": {
            "value": 82.84700687741861,
            "min": 67.62400572816841,
            "max": 86.97400754038244,
            "count": 213
        },
        "BumperBall.Policy.ExtrinsicReward.mean": {
            "value": 1.453456261007344,
            "min": 1.1614348795602396,
            "max": 1.5382964274095785,
            "count": 213
        },
        "BumperBall.Policy.ExtrinsicReward.sum": {
            "value": 82.84700687741861,
            "min": 67.62400572816841,
            "max": 86.97400754038244,
            "count": 213
        },
        "BumperBall.Losses.PolicyLoss.mean": {
            "value": 0.01683467841357924,
            "min": 0.009932527565979399,
            "max": 0.024257637897972018,
            "count": 213
        },
        "BumperBall.Losses.PolicyLoss.sum": {
            "value": 0.01683467841357924,
            "min": 0.009932527565979399,
            "max": 0.04062859270634363,
            "count": 213
        },
        "BumperBall.Losses.ValueLoss.mean": {
            "value": 0.0010345748349209316,
            "min": 0.0009022528247442096,
            "max": 0.0013996235822560266,
            "count": 213
        },
        "BumperBall.Losses.ValueLoss.sum": {
            "value": 0.0010345748349209316,
            "min": 0.0009022528247442096,
            "max": 0.0024162943285773505,
            "count": 213
        },
        "BumperBall.Policy.LearningRate.mean": {
            "value": 0.0002,
            "min": 0.0002,
            "max": 0.0002,
            "count": 213
        },
        "BumperBall.Policy.LearningRate.sum": {
            "value": 0.0002,
            "min": 0.0002,
            "max": 0.0004,
            "count": 213
        },
        "BumperBall.Policy.Epsilon.mean": {
            "value": 0.15,
            "min": 0.15,
            "max": 0.15,
            "count": 213
        },
        "BumperBall.Policy.Epsilon.sum": {
            "value": 0.15,
            "min": 0.15,
            "max": 0.3,
            "count": 213
        },
        "BumperBall.Policy.Beta.mean": {
            "value": 0.003,
            "min": 0.003,
            "max": 0.003,
            "count": 213
        },
        "BumperBall.Policy.Beta.sum": {
            "value": 0.003,
            "min": 0.003,
            "max": 0.006,
            "count": 213
        },
        "BumperBall.IsTraining.mean": {
            "value": 1.0,
            "min": 1.0,
            "max": 1.0,
            "count": 213
        },
        "BumperBall.IsTraining.sum": {
            "value": 1.0,
            "min": 1.0,
            "max": 1.0,
            "count": 213
        }
    },
    "metadata": {
        "timer_format_version": "0.1.0",
        "start_time_seconds": "1670455010",
        "python_version": "3.8.10 (tags/v3.8.10:3d8993a, May  3 2021, 11:48:03) [MSC v.1928 64 bit (AMD64)]",
        "command_line_arguments": "C:\\Users\\willi\\Documents\\UnityProjects\\BumperBalls\\venv\\Scripts\\mlagents-learn config/BumperBall_config.yaml --time-scale 12 --torch-device cpu --run-id LastTryAgainstSimple --resume",
        "mlagents_version": "0.29.0",
        "mlagents_envs_version": "0.29.0",
        "communication_protocol_version": "1.5.0",
        "pytorch_version": "1.7.1+cu110",
        "numpy_version": "1.21.2",
        "end_time_seconds": "1670460043"
    },
    "total": 5033.1707644,
    "count": 1,
    "self": 0.004865499999141321,
    "children": {
        "run_training.setup": {
            "total": 0.22270729999999972,
            "count": 1,
            "self": 0.22270729999999972
        },
        "TrainerController.start_learning": {
            "total": 5032.9431916,
            "count": 1,
            "self": 12.976880600195727,
            "children": {
                "TrainerController._reset_env": {
                    "total": 12.7506968,
                    "count": 1,
                    "self": 12.7506968
                },
                "TrainerController.advance": {
                    "total": 5007.181774599804,
                    "count": 824817,
                    "self": 12.310463899555543,
                    "children": {
                        "env_step": {
                            "total": 3855.164280100262,
                            "count": 824817,
                            "self": 3334.798459999922,
                            "children": {
                                "SubprocessEnvManager._take_step": {
                                    "total": 511.83711300005524,
                                    "count": 824817,
                                    "self": 37.010032699908436,
                                    "children": {
                                        "TorchPolicy.evaluate": {
                                            "total": 474.8270803001468,
                                            "count": 816686,
                                            "self": 95.94775470035427,
                                            "children": {
                                                "TorchPolicy.sample_actions": {
                                                    "total": 378.87932559979254,
                                                    "count": 816686,
                                                    "self": 378.87932559979254
                                                }
                                            }
                                        }
                                    }
                                },
                                "workers": {
                                    "total": 8.528707100284691,
                                    "count": 824817,
                                    "self": 0.0,
                                    "children": {
                                        "worker_root": {
                                            "total": 5002.580514099804,
                                            "count": 824817,
                                            "is_parallel": true,
                                            "self": 2321.1688624997173,