{
    "name": "root",
    "metadata": {
        "timer_format_version": "0.1.0",
        "start_time_seconds": "1669510950",
        "python_version": "3.8.10 (tags/v3.8.10:3d8993a, May  3 2021, 11:48:03) [MSC v.1928 64 bit (AMD64)]",
        "command_line_arguments": "C:\\Users\\willi\\Documents\\UnityProjects\\BumperBalls\\venv\\Scripts\\mlagents-learn --force",
        "mlagents_version": "0.29.0",
        "mlagents_envs_version": "0.29.0",
        "communication_protocol_version": "1.5.0",
        "pytorch_version": "1.7.1+cu110",
        "numpy_version": "1.21.2",
        "end_time_seconds": "1669511035"
    },
    "total": 85.2974205,
    "count": 1,
    "self": 0.004611300000007645,
    "children": {
        "run_training.setup": {
            "total": 0.1264094,
            "count": 1,
            "self": 0.1264094
        },
        "TrainerController.start_learning": {
            "total": 85.1663998,
            "count": 1,
            "self": 0.01860129999994342,
            "children": {
                "TrainerController._reset_env": {
                    "total": 13.9332066,
                    "count": 1,
                    "self": 13.9332066
                },
                "TrainerController.advance": {
                    "total": 71.10755570000005,
                    "count": 1287,
                    "self": 0.017088400000162096,
                    "children": {
                        "env_step": {
                            "total": 70.99351789999989,
                            "count": 1287,
                            "self": 67.48430259999999,
                            "children": {
                                "SubprocessEnvManager._take_step": {
                                    "total": 3.4973892999999716,
                                    "count": 1287,
                                    "self": 0.05142740000004231,
                                    "children": {
                                        "TorchPolicy.evaluate": {
                                            "total": 3.4459618999999293,
                                            "count": 1287,
                                            "self": 0.9387213999998743,
                                            "children": {
                                                "TorchPolicy.sample_actions": {
                                                    "total": 2.507240500000055,
                                                    "count": 1287,
                                                    "self": 2.507240500000055
                                                }
                                            }
                                        }
                                    }
                                },
                                "workers": {
                                    "total": 0.011825999999917514,
                                    "count": 1286,
                                    "self": 0.0,
                                    "children": {
                                        "worker_root": {
                                            "total": 11.240023000000004,
                                            "count": 1286,
                                            "is_parallel": true,
                                            "self": 5.627902900000086,
                                            "children": {
                                                "steps_from_proto": {
                                                    "total": 0.0003556000000006776,
                                                    "count": 1,
                                                    "is_parallel": true,
                                                    "self": 0.00020140000000168357,
                                                    "children": {
                                                        "_process_rank_one_or_two_observation": {
                                                            "total": 0.00015419999999899403,
                                                            "count": 2,
                                                            "is_parallel": true,
                                                            "self": 0.00015419999999899403
                                                        }
                                                    }
                                                },
                                                "UnityEnvironment.step": {
                                                    "total": 5.611764499999918,
                                                    "count": 1286,
                                                    "is_parallel": true,
                                                    "self": 0.07573930000002349,
                                                    "children": {
                                                        "UnityEnvironment._generate_step_input": {
                                                            "total": 0.06325360000002789,
                                                            "count": 1286,
                                                            "is_parallel": true,
                                                            "self": 0.06325360000002789
                                                        },
                                                        "communicator.exchange": {
                                                            "total": 5.195611099999917,
                                                            "count": 1286,
                                                            "is_parallel": true,
                                                            "self": 5.195611099999917
                                                        },
                                                        "steps_from_proto": {
                                                            "total": 0.2771604999999493,
                                                            "count": 1286,
                                                            "is_parallel": true,
                                                            "self": 0.18033409999999606,
                                                            "children": {
                                                                "_process_rank_one_or_two_observation": {
                                                                    "total": 0.09682639999995324,
                                                                    "count": 2572,
                                                                    "is_parallel": true,
                                                                    "self": 0.09682639999995324
                                                                }
                                                            }
                                                        }
                                                    }
                                                }
                                            }
                                        }
                                    }
                                }
                            }
                        },
                        "trainer_advance": {
                            "total": 0.09694939999999974,
                            "count": 1286,
                            "self": 0.02233590000004071,
                            "children": {
                                "process_trajectory": {
                                    "total": 0.07461349999995903,
                                    "count": 1286,
                                    "self": 0.07461349999995903
                                }
                            }
                        }
                    }
                },