{
    "name": "root",
    "gauges": {
        "BumperBall.Policy.Entropy.mean": {
            "value": 1.4205349683761597,
            "min": 1.4205349683761597,
            "max": 1.4205349683761597,
            "count": 1
        },
        "BumperBall.Policy.Entropy.sum": {
            "value": 71960.0390625,
            "min": 71960.0390625,
            "max": 71960.0390625,
            "count": 1
        },
        "BumperBall.Environment.EpisodeLength.mean": {
            "value": 51.8784355179704,
            "min": 51.8784355179704,
            "max": 51.8784355179704,
            "count": 1
        },
        "BumperBall.Environment.EpisodeLength.sum": {
            "value": 49077.0,
            "min": 49077.0,
            "max": 49077.0,
            "count": 1
        },
        "BumperBall.Step.mean": {
            "value": 49964.0,
            "min": 49964.0,
            "max": 49964.0,
            "count": 1
        },
        "BumperBall.Step.sum": {
            "value": 49964.0,
            "min": 49964.0,
            "max": 49964.0,
            "count": 1
        },
        "BumperBall.Policy.ExtrinsicValueEstimate.mean": {
            "value": 0.1736886352300644,
            "min": 0.1736886352300644,
            "max": 0.1736886352300644,
            "count": 1
        },
        "BumperBall.Policy.ExtrinsicValueEstimate.sum": {
            "value": 206.8631591796875,
            "min": 206.8631591796875,
            "max": 206.8631591796875,
            "count": 1
        },
        "BumperBall.Environment.CumulativeReward.mean": {
            "value": 0.019698011449405126,
            "min": 0.019698011449405126,
            "max": 0.019698011449405126,
            "count": 1
        },
        "BumperBall.Environment.CumulativeReward.sum": {
            "value": 18.614620819687843,
            "min": 18.614620819687843,
            "max": 18.614620819687843,
            "count": 1
        },
        "BumperBall.Policy.ExtrinsicReward.mean": {
            "value": 0.019698011449405126,
            "min": 0.019698011449405126,
            "max": 0.019698011449405126,
            "count": 1
        },
        "BumperBall.Policy.ExtrinsicReward.sum": {
            "value": 18.614620819687843,
            "min": 18.614620819687843,
            "max": 18.614620819687843,
            "count": 1
        },
        "BumperBall.Losses.PolicyLoss.mean": {
            "value": 0.02164085296487125,
            "min": 0.02164085296487125,
            "max": 0.02164085296487125,
            "count": 1
        },
        "BumperBall.Losses.PolicyLoss.sum": {
            "value": 0.086563411859485,
            "min": 0.086563411859485,
            "max": 0.086563411859485,
            "count": 1
        },
        "BumperBall.Losses.ValueLoss.mean": {
            "value": 0.02849904864560813,
            "min": 0.02849904864560813,
            "max": 0.02849904864560813,
            "count": 1
        },
        "BumperBall.Losses.ValueLoss.sum": {
            "value": 0.11399619458243251,
            "min": 0.11399619458243251,
            "max": 0.11399619458243251,
            "count": 1
        },
        "BumperBall.Policy.LearningRate.mean": {
            "value": 0.0002843901052033,
            "min": 0.0002843901052033,
            "max": 0.0002843901052033,
            "count": 1
        },
        "BumperBall.Policy.LearningRate.sum": {
            "value": 0.0011375604208132,
            "min": 0.0011375604208132,
            "max": 0.0011375604208132,
            "count": 1
        },
        "BumperBall.Policy.Epsilon.mean": {
            "value": 0.1947967,
            "min": 0.1947967,
            "max": 0.1947967,
            "count": 1
        },
        "BumperBall.Policy.Epsilon.sum": {
            "value": 0.7791868,
            "min": 0.7791868,
            "max": 0.7791868,
            "count": 1
        },
        "BumperBall.Policy.Beta.mean": {
            "value": 0.004740355330000001,
            "min": 0.004740355330000001,
            "max": 0.004740355330000001,
            "count": 1
        },
        "BumperBall.Policy.Beta.sum": {
            "value": 0.018961421320000005,
            "min": 0.018961421320000005,
            "max": 0.018961421320000005,
            "count": 1
        },
        "BumperBall.IsTraining.mean": {
            "value": 1.0,
            "min": 1.0,
            "max": 1.0,
            "count": 1
        },
        "BumperBall.IsTraining.sum": {
            "value": 1.0,
            "min": 1.0,
            "max": 1.0,
            "count": 1
        }
    },
    "metadata": {
        "timer_format_version": "0.1.0",
        "start_time_seconds": "1669948844",
        "python_version": "3.8.10 (tags/v3.8.10:3d8993a, May  3 2021, 11:48:03) [MSC v.1928 64 bit (AMD64)]",
        "command_line_arguments": "C:\\Users\\willi\\Documents\\UnityProjects\\BumperBalls\\venv\\Scripts\\mlagents-learn --run-id TestAgent6 --torch-device cpu",
        "mlagents_version": "0.29.0",
        "mlagents_envs_version": "0.29.0",
        "communication_protocol_version": "1.5.0",
        "pytorch_version": "1.7.1+cu110",
        "numpy_version": "1.21.2",
        "end_time_seconds": "1669948933"
    },
    "total": 89.8819692,
    "count": 1,
    "self": 0.005037299999997913,
    "children": {
        "run_training.setup": {
            "total": 0.12722869999999997,
            "count": 1,
            "self": 0.12722869999999997
        },
        "TrainerController.start_learning": {
            "total": 89.7497032,
            "count": 1,
            "self": 0.03818129999994824,
            "children": {
                "TrainerController._reset_env": {
                    "total": 4.5371334,
                    "count": 1,
                    "self": 4.5371334
                },
                "TrainerController.advance": {
                    "total": 85.11652740000004,
                    "count": 2531,
                    "self": 0.03912200000009136,
                    "children": {
                        "env_step": {
                            "total": 74.50840759999997,
                            "count": 2531,
                            "self": 72.87216449999985,
                            "children": {
                                "SubprocessEnvManager._take_step": {
                                    "total": 1.6112629000001135,
                                    "count": 2531,
                                    "self": 0.12684020000002416,
                                    "children": {
                                        "TorchPolicy.evaluate": {
                                            "total": 1.4844227000000894,
                                            "count": 2465,
                                            "self": 0.2932117000001657,
                                            "children": {
                                                "TorchPolicy.sample_actions": {
                                                    "total": 1.1912109999999236,
                                                    "count": 2465,
                                                    "self": 1.1912109999999236
                                                }
                                            }
                                        }
                                    }
                                },
                                "workers": {
                                    "total": 0.024980199999996344,
                                    "count": 2530,
                                    "self": 0.0,
                                    "children": {
                                        "worker_root": {
                                            "total": 23.930919400000004,
                                            "count": 2530,
                                            "is_parallel": true,